Survival Hacks To Save Your Day. #6 Is Awesome! =&gt; https://t.co/I8iX9scW1a https://t.co/ZK6DtzPXSp
RT @kukunono: God is awesome!!!! https://t.co/CQqC3iYW4c
Awesome job tonight DII Lady Mustangs! Winning in overtime is always exciting. https://t.co/UfvZK608CI
RT @jannarden: Okay- now this is getting REALLY awesome @justinbieber holding @michaelbuble holding @rodstewart holding me. OMG https://t.c‚Ä¶
Oh my heart üíõ This is awesome.  https://t.co/wPGHtXXBXN
How awesome is this! Make whatever design you want on your phone! and get it on a t-shirt -https://t.co/kyMkSrPclF https://t.co/1S6NgWuYOm
"RT @chuggid: I learned of this from a @Bearmageddon retweet which is so awesome I can't even. America, I give you the GOP. https://t.co/mwQ‚Ä¶"
&amp; dear MSM is fine as SoniaG is Daughter-in-law of IndiraG n keeping brave face n hence ok to disrupt LS RS..awesome https://t.co/Dfk3o9elzZ
RT @T_Bald1025: This is so awesome! Little cousin writing the top 25 college football teams on the shower wall! #welldone https://t.co/Jhjo‚Ä¶
This is awesome. https://t.co/ji5Fohxx9L
@johnnyosings #VXIIXI IS SOOOOOO AWESOME!!! üòÅüé∂ hear it over and over again! Preorder here: https://t.co/Wdserdu5fM https://t.co/ZYK4TPJ2U3
"For such a bad movie, Demolition Man is awesome. https://t.co/H4YMA5rzmf"
RT @RappersSaid: 600 million Africans now have electricity because of Akon. This is awesome üíØüíØüíØ https://t.co/qrehvYkNPT
"RT @joyceapp101: Watch THIS #NewGadgets #awesome #best #ClothingIndustry This Is So‚Ä¶ https://t.co/VHsAvJtK4k Please Retweet It,TQ https://t‚Ä¶"
"My twitter cover is my new song Sunday. It's dedicated to my loving,funny and awesome dad. #Sunday"
RT @jannarden: Okay- now this is getting REALLY awesome @justinbieber holding @michaelbuble holding @rodstewart holding me. OMG https://t.c‚Ä¶
RT @BuzzFeedEnt: The new #DoctorWho collection @ @HotTopic is size-inclusive &amp; it's awesome https://t.co/SQzhVbxIOl via @noraiswrite https:‚Ä¶
RT @jannarden: Okay- now this is getting REALLY awesome @justinbieber holding @michaelbuble holding @rodstewart holding me. OMG https://t.c‚Ä¶
"RT @joyceapp101: Watch THIS #NewGadgets #awesome #best #ClothingIndustry This Is So‚Ä¶ https://t.co/VHsAvJtK4k Please Retweet It,TQ https://t‚Ä¶"
"RT @MiaSolLynette: Done, more than 1500 followers today!!! Guys you are awesome..
Here is a little ,,selfie,, for you as a thank you https:‚Ä¶"
"RT @chuggid: I learned of this from a @Bearmageddon retweet which is so awesome I can't even. America, I give you the GOP. https://t.co/mwQ‚Ä¶"
"RT @wildphoenix1: Met my documentary sister @LilveronicaR at @EXXXOTICA, she is so awesome! @AdultScene #ExxxoticaNJ #exxxotica #porn https‚Ä¶"
WTG_ReVenantGamer is now following me on Twitter! Thank You!!!https://t.co/6E5AcL8Ain
This is awesome news! https://t.co/a7P1cufMfw
"RT @joyceapp101: Watch THIS #NewGadgets #awesome #best #ClothingIndustry This Is So‚Ä¶ https://t.co/VHsAvJtK4k Please Retweet It,TQ https://t‚Ä¶"
RT @ISapnaMishra: The last one is awesome!!! ROLF https://t.co/KkLXgOyK5I
RT @jannarden: Okay- now this is getting REALLY awesome @justinbieber holding @michaelbuble holding @rodstewart holding me. OMG https://t.c‚Ä¶
RT @Butler_Ty: üòÇüòÇüòÇ THIS is why Danny is awesome https://t.co/eOcO6xRkpr
This is awesome.  https://t.co/bh3PsXTfrR
"RT @joyceapp101: Watch THIS #NewGadgets #awesome #best #ClothingIndustry This Is So‚Ä¶ https://t.co/VHsAvJtK4k Please Retweet It,TQ https://t‚Ä¶"
"RT @stompmodels: Our new website is now LIVE and its looking awesome! What do you think?
http://t.co/rY9IlH6ccu http://t.co/cxxNybrdSZ"
RT @apaulacoimbra: HOW AWESOME IS THIS? WE ARE THE BEST FANS EVER AND NEED A 3RD SEASON #RenewTheLeftovers https://t.co/BvGrM1psRA
"RT @joyceapp101: Watch THIS #NewGadgets #awesome #best #ClothingIndustry This Is So‚Ä¶ https://t.co/VHsAvJtK4k Please Retweet It,TQ https://t‚Ä¶"
RT @HogwartsLogics: This is awesome üòÇ https://t.co/YCuFyUoluA
"Love how strong she is. Kuourt, you're just awesome! https://t.co/7tJLIfWRJl"
"RT @D8Alexander: Are you seeing this L.A?? 
This is such an awesome sunset!üåÖ
I looovvveeee!!!üòç https://t.co/kTBUSP4R9C"
RT @jannarden: Okay- now this is getting REALLY awesome @justinbieber holding @michaelbuble holding @rodstewart holding me. OMG https://t.c‚Ä¶
RT @GoJellyChip: A user has bought 16 gifts on the #JellyChip #Store! How awesome is that? #socialimpact https://t.co/RiV4zEEmZC https://t.‚Ä¶
"RT @whoisjoserivera: This is awesome. Well done, Mariners. https://t.co/kfDvKql2GX"
RT @regularbarnett: This photo of KG dunking on Blake Griffin is pretty awesome. https://t.co/aVcNkG5La1
RT @apaulacoimbra: HOW AWESOME IS THIS? WE ARE THE BEST FANS EVER AND NEED A 3RD SEASON #RenewTheLeftovers https://t.co/BvGrM1psRA
üòÇüòÇüòÇ THIS is why Danny is awesome https://t.co/eOcO6xRkpr
RT @VicSol__: This is so fucking awesome ! Eagles Nation is one forever  https://t.co/B9ZwQFCoMx
"RT @SeishunRC: Sensei can do it, Saitama‚Äôs the strongest! Genos‚Äô the only one who knows how awesome sensei really is...#onepunchman https:/‚Ä¶"
RT @jannarden: Okay- now this is getting REALLY awesome @justinbieber holding @michaelbuble holding @rodstewart holding me. OMG https://t.c‚Ä¶
"Nightstand? I thought we just hit the sack after a long day! Or keeping tabs on our phones! (OK, reading is awesome) https://t.co/HfLKpT5WDO"
RT @jannarden: Okay- now this is getting REALLY awesome @justinbieber holding @michaelbuble holding @rodstewart holding me. OMG https://t.c‚Ä¶
RT @Jae_Day6: I believe this is the equivalent of a Nobel Prize in the Kpop world. I would like to thank myself for being awesome. https://‚Ä¶
RT @themusic_addict: Wow this #pimpinjoy campaign is awesome everyone needs to check it out now!!! https://t.co/5k1RogmbGT https://t.co/IZ2‚Ä¶
RT @ISapnaMishra: The last one is awesome!!! ROLF https://t.co/KkLXgOyK5I
"RT @joyceapp101: Watch THIS #NewGadgets #awesome #best #ClothingIndustry This Is So‚Ä¶ https://t.co/VHsAvJtK4k Please Retweet It,TQ https://t‚Ä¶"
"a good friend of mine works for Stitch Fix. and yes, it is AWESOME! :) https://t.co/WQQ5rFFel6"
'Everything is Awesome!' New York Daily News trolls 'God Isn't Fixing This' headline haters https://t.co/KEOmCGwFoc via @houstonchron
RT @aIecbaewood: IF YOU'RE STILL NOT CONVINCED THAT SHADOWHUNTERS IS GONNA BE FUCKIN AWESOME NEXT YEAR AFTER THAT BTS https://t.co/6KTdVlFK‚Ä¶
"RT @joyceapp101: Watch THIS #NewGadgets #awesome #best #ClothingIndustry This Is So‚Ä¶ https://t.co/VHsAvJtK4k Please Retweet It,TQ https://t‚Ä¶"
RT @purposeshawn: my Halsey gallery is up and it would be awesome if you guys checked out my pictures ! https://t.co/tpkHZHstX7 https://t.c‚Ä¶
RT @SouthHillsASB: Next Week is a Spirit Week!  Take a look at the AWESOME days!  Amp up your HOLIDAY spirit! https://t.co/sykA4GOAw2
GOOD GUY meninist is at it againüëçüèº you guys are awesome #meninist https://t.co/NFJLeDCVWn
Rhodes Summit. F**king awesome. This is what Orca Colony aspires to. (at @IcehouseMpls) https://t.co/Hz7wCrhnJs https://t.co/2ASuVtt6gb
Adam's Testament is going to be an awesome sci fi movie! It comes out in 2016!! https://t.co/i4yzbOo4Ii
RT @kukunono: God is awesome!!!! https://t.co/CQqC3iYW4c
"RT @epicnevarez: My bff is better than yours.
Unless you're sierra. In which case your bff is equally as awesome as mine. https://t.co/22la‚Ä¶"
RT @BatarangBlues: The fact that we will get combat like this from #DCEU Batman is awesome https://t.co/vgP5yRRqoe
This. Is. Awesome. https://t.co/d6jL4G91Xz
RT @kukunono: God is awesome!!!! https://t.co/CQqC3iYW4c
I've never played the Dark Souls series but that is an awesome collectors edition.  https://t.co/144kf1b5Ss
"RT @JEvansJD: It's a testament to @fatbellybella's awesome spirit that #AskBadu is the first Twitter ""ask"" tag that wasn't filled with joke‚Ä¶"
"RT @joyceapp101: Watch THIS #NewGadgets #awesome #best #ClothingIndustry This Is So‚Ä¶ https://t.co/VHsAvJtK4k Please Retweet It,TQ https://t‚Ä¶"
Truth! And his foundation works to #stopdomesticviolence @JasonWitten is awesome @family_place thanks you  https://t.co/J6xZgMmAss
RT @AnAthleteSoul: THIS IS AWESOME! http://t.co/o7AR6wtDy4
RT @jannarden: Okay- now this is getting REALLY awesome @justinbieber holding @michaelbuble holding @rodstewart holding me. OMG https://t.c‚Ä¶
"RT @whoisjoserivera: This is awesome. Well done, Mariners. https://t.co/kfDvKql2GX"
My babes is awesome ok? Ok. üòçüòÄüíïüíû https://t.co/F8iEG5ZnEH
"RT @rajsum74: @Gurmeetramrahim #MSG2in12thWeek
Good Morning Guruji and thnx for blessings. Craze in 12th week for MSG2 is awesome https://t‚Ä¶"
"RT @whoisjoserivera: This is awesome. Well done, Mariners. https://t.co/kfDvKql2GX"
"RT @joyceapp101: Watch THIS #NewGadgets #awesome #best #ClothingIndustry This Is So‚Ä¶ https://t.co/VHsAvJtK4k Please Retweet It,TQ https://t‚Ä¶"
this is such an awesome tattoo holy shit I love https://t.co/XB1jm33vcu
"Found this cool photo, not mine Not only is this an awesome medal celebrating our Firies and our country, but if yo‚Ä¶ https://t.co/kjJBMUL2xu"
And @MandyLeonxo is pretty freaking awesome https://t.co/OJFJRh6gvc
RT @BatarangBlues: The fact that we will get combat like this from #DCEU Batman is awesome https://t.co/vgP5yRRqoe
RT @comedyorjoke: This is awesome üòÇüëå http://t.co/Qmyyo1stSf
RT @regularbarnett: This photo of KG dunking on Blake Griffin is pretty awesome. https://t.co/aVcNkG5La1
RT @jannarden: Okay- now this is getting REALLY awesome @justinbieber holding @michaelbuble holding @rodstewart holding me. OMG https://t.c‚Ä¶
"RT @joyceapp101: Watch THIS #NewGadgets #awesome #best #ClothingIndustry This Is So‚Ä¶ https://t.co/VHsAvJtK4k Please Retweet It,TQ https://t‚Ä¶"
This is awesome!!!!!! https://t.co/2YhqdkGMOJ
"RT @MiaSolLynette: Done, more than 1500 followers today!!! Guys you are awesome..
Here is a little ,,selfie,, for you as a thank you https:‚Ä¶"
Mel is seriously so awesome https://t.co/zzvUc8q6Y0
RT @drunk: this is awesome https://t.co/atTRn1aSmm
RT @regularbarnett: This photo of KG dunking on Blake Griffin is pretty awesome. https://t.co/aVcNkG5La1
"RT @ericbolling: Very proud to announce Twitter just named #WakeUpAmerica a ""2015 Top Trend"" in politics. That is profoundly awesome! https‚Ä¶"
RT @KenyansOnTwitr: @phyasco7 is too awesome. https://t.co/wDZUmEoZdo
RT @regularbarnett: This photo of KG dunking on Blake Griffin is pretty awesome. https://t.co/aVcNkG5La1
RT @themusic_addict: Wow this #pimpinjoy campaign is awesome everyone needs to check it out now!!! https://t.co/5k1RogmbGT https://t.co/IZ2‚Ä¶
RT @goldjoints: This is fucking awesome https://t.co/LKBQtw2fGR
"RT @joyceapp101: Watch THIS #NewGadgets #awesome #best #ClothingIndustry This Is So‚Ä¶ https://t.co/VHsAvJtK4k Please Retweet It,TQ https://t‚Ä¶"
RT @sRRi_sRRi_G: This is awesome! A moment of pride for everyone at @spmpdpu üôå https://t.co/dscV3KexJZ
"RT @joyceapp101: Watch THIS #NewGadgets #awesome #best #ClothingIndustry This Is So‚Ä¶ https://t.co/VHsAvJtK4k Please Retweet It,TQ https://t‚Ä¶"
@Logic301 is soo awesome!! Loved the performance on @FallonTonight ! Can't wait for tour! https://t.co/1EZEVx1qCB
RT @dearahhh: WIP for mum @DerpDream the coloruing isnt done yet hope u enjoy feedback is awesome likesrt are amazing @RogerElric https://t‚Ä¶
"RT @MiaSolLynette: Done, more than 1500 followers today!!! Guys you are awesome..
Here is a little ,,selfie,, for you as a thank you https:‚Ä¶"
My boyfriend @dear_mike897 . Words can not describe how awesome/lame he isüòä‚ù§ https://t.co/cJw0oJgIFm
"RT @carrieunderwood: Well, this is pretty cool! Thanks, to all who helped make it!!!! You guys are awesome! https://t.co/vdTuM8g4Uz"
RT @lecoolestgirl: captain awesome is rly cute ugh @RyanMcPartlin #sarahwatcheschuck http://t.co/732RqzjStc
"RT @joyceapp101: Watch THIS #NewGadgets #awesome #best #ClothingIndustry This Is So‚Ä¶ https://t.co/VHsAvJtK4k Please Retweet It,TQ https://t‚Ä¶"
"My bff is better than yours.
Unless you're sierra. In which case your bff is equally as awesome as mine. https://t.co/22la4Ptv07"
@GuacLaRock lmbo crazy thing is lilmamma fell asleep in the car saying how awesome it was https://t.co/AH6oses0od
"RT @joyceapp101: Watch THIS #NewGadgets #awesome #best #ClothingIndustry This Is So‚Ä¶ https://t.co/VHsAvJtK4k Please Retweet It,TQ https://t‚Ä¶"
"RT @ericbolling: Very proud to announce Twitter just named #WakeUpAmerica a ""2015 Top Trend"" in politics. That is profoundly awesome! https‚Ä¶"
RT @jannarden: Okay- now this is getting REALLY awesome @justinbieber holding @michaelbuble holding @rodstewart holding me. OMG https://t.c‚Ä¶
This is gonna be an awesome run.... :/ https://t.co/F8A5nSdqrW
"RT @joyceapp101: Watch THIS #NewGadgets #awesome #best #ClothingIndustry This Is So‚Ä¶ https://t.co/VHsAvJtK4k Please Retweet It,TQ https://t‚Ä¶"
Elven horse by Anwaraidd. Nahar u2665. I think the dragon on ... - #tats #tattoos #inked https://t.co/8O14V5DsiK https://t.co/S4ZMY7x6g7
"RT @27_coffey: @cassidy_siebel1 is one of the nicest, funniest, and most awesome people I know. I hope to see you soon, girl! https://t.co/‚Ä¶"
RT @optibotimus: This is all kinds of awesome!! #ironman #pepperpotts #hottoys https://t.co/bnNUMNta6c
RT @FlavorDesires: This is awesome! https://t.co/lO6SQUQnEI
RT @RappersSaid: 600 million Africans now have electricity because of Akon. This is awesome üíØüíØüíØ https://t.co/qrehvYkNPT
RT @jannarden: Okay- now this is getting REALLY awesome @justinbieber holding @michaelbuble holding @rodstewart holding me. OMG https://t.c‚Ä¶
RT @regularbarnett: This photo of KG dunking on Blake Griffin is pretty awesome. https://t.co/aVcNkG5La1
"@cassidy_siebel1 is one of the nicest, funniest, and most awesome people I know. I hope to see you soon, girl! https://t.co/hJvOVipJFe"
"RT @joyceapp101: Watch THIS #NewGadgets #awesome #best #ClothingIndustry This Is So‚Ä¶ https://t.co/VHsAvJtK4k Please Retweet It,TQ https://t‚Ä¶"
Omg yesssss! This dog is awesome!  https://t.co/HVOIGMWe2t
My new accessories brand is awesome!!! üòä https://t.co/75yLAJagVd
RT @BatarangBlues: The fact that we will get combat like this from #DCEU Batman is awesome https://t.co/vgP5yRRqoe
RT @nahimay2: @natalieelovee__ this is what you call an awesome lockscreen ‚ù§Ô∏è‚ù§Ô∏è https://t.co/Ry7QGge0im
This is awesome. üòÑ https://t.co/4dyoByyJTv
But this place is awesome https://t.co/Je3UyFSRr1
this is awesome. https://t.co/g5Lp21csQY
This is awesome! #PowerOfPrayer  https://t.co/bU5fyABlJA
@phyasco7 is too awesome. https://t.co/wDZUmEoZdo
@evanmullinix I can't stop watching this...this is why hockey is awesome. https://t.co/dkqittLBOv
RT @LifeHacks: This is awesome https://t.co/lXxdIrfqqr
"RT @joyceapp101: Watch THIS #NewGadgets #awesome #best #ClothingIndustry This Is So‚Ä¶ https://t.co/VHsAvJtK4k Please Retweet It,TQ https://t‚Ä¶"
RT @RealPaigeWWE: ‚Äú@Brett_X_: @RealPaigeWWE is breathtaking üòç Awesome match! https://t.co/tiby14wvEp‚Äù üòò
"RT @joyceapp101: Watch THIS #NewGadgets #awesome #best #ClothingIndustry This Is So‚Ä¶ https://t.co/VHsAvJtK4k Please Retweet It,TQ https://t‚Ä¶"
RT @jannarden: Okay- now this is getting REALLY awesome @justinbieber holding @michaelbuble holding @rodstewart holding me. OMG https://t.c‚Ä¶
"I learned of this from a @Bearmageddon retweet which is so awesome I can't even. America, I give you the GOP. https://t.co/mwQgtX4jZW"
RT @CUTEST_ANlMALS: This human is AWESOME https://t.co/hlpULjR0lP
Watch video ‚ñ∂ [ https://t.co/rVXMFrqnVx ] üòè https://t.co/vxbmoibRvW
"RT @THR: Daily News Runs ""Everything Is Awesome"" Cover After Blowback From Controversial Front Pages https://t.co/p38DZqI5mB https://t.co/M‚Ä¶"
"@ATVIAssist WOW, thanks 4 the dedicated servers, my friend can play the destiny demo and I can't, that's is awesome https://t.co/jnzPERDr5L"
RT @regularbarnett: This photo of KG dunking on Blake Griffin is pretty awesome. https://t.co/aVcNkG5La1
"RT @joyceapp101: Watch THIS #NewGadgets #awesome #best #ClothingIndustry This Is So‚Ä¶ https://t.co/VHsAvJtK4k Please Retweet It,TQ https://t‚Ä¶"
RT @jannarden: Okay- now this is getting REALLY awesome @justinbieber holding @michaelbuble holding @rodstewart holding me. OMG https://t.c‚Ä¶
RT @jannarden: Okay- now this is getting REALLY awesome @justinbieber holding @michaelbuble holding @rodstewart holding me. OMG https://t.c‚Ä¶
RT @BatarangBlues: The fact that we will get combat like this from #DCEU Batman is awesome https://t.co/vgP5yRRqoe
That is awesome! That never happened in the Marinette and Oconto Conference. https://t.co/0cZhr89f09
RT @RappersSaid: 600 million Africans now have electricity because of Akon. This is awesome üíØüíØüíØ https://t.co/qrehvYkNPT
This is awesome. @kendricklamar https://t.co/oUj3lVW76j
"adsumforwomen: RT EastCoastJimi: FYI #Halifax, WingnItColeHr is awesome. Such a great #cause too. adsumforwomen  ‚Ä¶ https://t.co/g3mCJLXiuC"
"RT @joyceapp101: Watch THIS #NewGadgets #awesome #best #ClothingIndustry This Is So‚Ä¶ https://t.co/VHsAvJtK4k Please Retweet It,TQ https://t‚Ä¶"
"RT @joyceapp101: Watch THIS #NewGadgets #awesome #best #ClothingIndustry This Is So‚Ä¶ https://t.co/VHsAvJtK4k Please Retweet It,TQ https://t‚Ä¶"
Wow this #pimpinjoy campaign is awesome everyone needs to check it out now!!! https://t.co/5k1RogmbGT https://t.co/IZ2DGYRu4h
Now where are my dogs? (Business class luggage allowance is awesome but then you have to lug all this) https://t.co/5Ny0TPqfvO
Awesome thing found on Roposo: https://t.co/4lRJFc2ywY https://t.co/hd9Y6jeWT5
"RT @joyceapp101: Watch THIS #NewGadgets #awesome #best #ClothingIndustry This Is So‚Ä¶ https://t.co/VHsAvJtK4k Please Retweet It,TQ https://t‚Ä¶"
"RT @MiaSolLynette: Done, more than 1500 followers today!!! Guys you are awesome..
Here is a little ,,selfie,, for you as a thank you https:‚Ä¶"
Lol this is kind of really awesome https://t.co/OlUxOGCzpd
RT @jannarden: Okay- now this is getting REALLY awesome @justinbieber holding @michaelbuble holding @rodstewart holding me. OMG https://t.c‚Ä¶
RT @jannarden: Okay- now this is getting REALLY awesome @justinbieber holding @michaelbuble holding @rodstewart holding me. OMG https://t.c‚Ä¶
"West coast awaits! @FargoFX #Fargo
(And Captain Phillips is an awesome film I love it very much) https://t.co/SNt75nYDDc"
My Grandma is AWESOME! She knows I collect @OriginalFunko &amp; gave me an early Xmas gift whole GHOSTBUSTERS pop set https://t.co/GjV5wkMxxl
RT @BatarangBlues: The fact that we will get combat like this from #DCEU Batman is awesome https://t.co/vgP5yRRqoe
RT @HMA_GamingYT: @slcmof Dude your audience is awesome! https://t.co/OSTQOQkQgH
RT @FactThrill: This is awesome! https://t.co/7WK0H6R7pj
RT @jannarden: Okay- now this is getting REALLY awesome @justinbieber holding @michaelbuble holding @rodstewart holding me. OMG https://t.c‚Ä¶
THIS IS AWESOME ‚ú®üíì https://t.co/O9KOSfelDQ
RT @EarnKnowledge: This is awesome! https://t.co/5kyZcpZT3R
RT @BatarangBlues: The fact that we will get combat like this from #DCEU Batman is awesome https://t.co/vgP5yRRqoe
Everyone if you r gonna get a modded account for gta online buy it off @LiteModzHD he is awesome https://t.co/7vnkNjLn9z
"@Inonibird 1: the stickgods post is aweSOME!
2: more poetry link, oh MY! https://t.co/Dt1OYTMSrv"
RT @RealPaigeWWE: ‚Äú@Brett_X_: @RealPaigeWWE is breathtaking üòç Awesome match! https://t.co/tiby14wvEp‚Äù üòò
RT @BatarangBlues: The fact that we will get combat like this from #DCEU Batman is awesome https://t.co/vgP5yRRqoe
RT @BatarangBlues: The fact that we will get combat like this from #DCEU Batman is awesome https://t.co/vgP5yRRqoe
This is awesome because my own grandpa is just as childish at times! Gotta love old man humor https://t.co/gYKTfDSnli
Daniel Stransky is now following me on Twitter! Thank You!!!https://t.co/m9uXKqtZhU
"RT @SeishunRC: Sensei can do it, Saitama‚Äôs the strongest! Genos‚Äô the only one who knows how awesome sensei really is...#onepunchman https:/‚Ä¶"
Hello everyone this is my awesome dad!üòÑüòÇ https://t.co/Z2h2TTqtx9
"RT @FSKPart3: It's the ""Frank is Awesome"" handshake and it was Jeremy's idea - he's such a great friend.  https://t.co/JNRNZVQa1f"
This app is awesome üòç https://t.co/gl7lJGPYt1
Cineplex Media Preview was tons of fun tonight! The new VIP theatre at Yonge and Eglinton is gonna be awesome! https://t.co/IkUWZ8lCzk
Happy birthday CJ bae. I love you &amp; wish we could go back to this day üòÇ hope ur bday is as awesome as you are ‚ù§Ô∏è‚ù§Ô∏è‚ù§Ô∏è https://t.co/YlSzOYDk7N
RT @regularbarnett: This photo of KG dunking on Blake Griffin is pretty awesome. https://t.co/aVcNkG5La1
"RT @joyceapp101: Watch THIS #NewGadgets #awesome #best #ClothingIndustry This Is So‚Ä¶ https://t.co/VHsAvJtK4k Please Retweet It,TQ https://t‚Ä¶"
RT @jannarden: Okay- now this is getting REALLY awesome @justinbieber holding @michaelbuble holding @rodstewart holding me. OMG https://t.c‚Ä¶
RT @Jae_Day6: I believe this is the equivalent of a Nobel Prize in the Kpop world. I would like to thank myself for being awesome. https://‚Ä¶
This is awesome! https://t.co/QJ8VB7Jmtf
This is a awesome Lego figure https://t.co/1mhktIzqEY
THIS IS AWESOME https://t.co/X3pkVtRPJI
RT @jannarden: Okay- now this is getting REALLY awesome @justinbieber holding @michaelbuble holding @rodstewart holding me. OMG https://t.c‚Ä¶
"RT @joyceapp101: Watch THIS #NewGadgets #awesome #best #ClothingIndustry This Is So‚Ä¶ https://t.co/VHsAvJtK4k Please Retweet It,TQ https://t‚Ä¶"
RT @s7evendaysageek: Now that is awesome! https://t.co/BD9370dmqe
That is awesome! Totally worth it right there. #parentingwin  https://t.co/mS6QN85RIP
RT @jannarden: Okay- now this is getting REALLY awesome @justinbieber holding @michaelbuble holding @rodstewart holding me. OMG https://t.c‚Ä¶
Now that is awesome! https://t.co/BD9370dmqe
"RT @whoisjoserivera: This is awesome. Well done, Mariners. https://t.co/kfDvKql2GX"
This is awesome! https://t.co/7WK0H6R7pj
RT @jannarden: Okay- now this is getting REALLY awesome @justinbieber holding @michaelbuble holding @rodstewart holding me. OMG https://t.c‚Ä¶
"RT @people: You can now major in pizza, because life is awesome https://t.co/iMwgvTxg8B via @hellogiggles https://t.co/askUha0hCc"
RT @Kait_Sam: Happy birthday little brother @tvana22 hope your night is as awesome as this one was üòè #partylikeweare17again https://t.co/0b‚Ä¶
"RT @SeishunRC: Sensei can do it, Saitama‚Äôs the strongest! Genos‚Äô the only one who knows how awesome sensei really is...#onepunchman https:/‚Ä¶"
@angematangela hey!!! How awesome to hear from you!! Life is amazenuts! #burntandernie https://t.co/K5UKBtPGF4
RT @jannarden: Okay- now this is getting REALLY awesome @justinbieber holding @michaelbuble holding @rodstewart holding me. OMG https://t.c‚Ä¶
@ConstrJunkie  - Awesome! Here is FREE access to My new online course - How to Create a UDEMY Course in 5 Days = https://t.co/bnaBVpmwjP
@JackFiskio  - Awesome! Here is FREE access to My new online course - How to Create a UDEMY Course in 5 Days = https://t.co/bnaBVpmwjP
RT @jannarden: Okay- now this is getting REALLY awesome @justinbieber holding @michaelbuble holding @rodstewart holding me. OMG https://t.c‚Ä¶
The fact that we will get combat like this from #DCEU Batman is awesome https://t.co/vgP5yRRqoe
"RT @Tiffy_Iffy_Iffy: Awesome  RT @ColeWisdom: This is so epic. Trey Songz surprising J. Cole when he's performing ""Can't Get Enough"" https:‚Ä¶"
RT @EarnKnowledge: This is awesome! https://t.co/5kyZcpZT3R
"RT @joyceapp101: Watch THIS #NewGadgets #awesome #best #ClothingIndustry This Is So‚Ä¶ https://t.co/VHsAvJtK4k Please Retweet It,TQ https://t‚Ä¶"
RT @jannarden: Okay- now this is getting REALLY awesome @justinbieber holding @michaelbuble holding @rodstewart holding me. OMG https://t.c‚Ä¶
"RT @ericbolling: Very proud to announce Twitter just named #WakeUpAmerica a ""2015 Top Trend"" in politics. That is profoundly awesome! https‚Ä¶"
RT @jannarden: Okay- now this is getting REALLY awesome @justinbieber holding @michaelbuble holding @rodstewart holding me. OMG https://t.c‚Ä¶
RT @drunk: this is awesome https://t.co/atTRn1aSmm
This is so awesome üòÇ I need to find the full video  https://t.co/I1urqV3KAj
RT @FORM_ink: Kylo Ren from @tattoos_by_ry is just awesome. Star Wars month continues. #FORMink https://t.co/aBBpTZEDdk
"This is awesome. Well done, Mariners. https://t.co/kfDvKql2GX"
"RT @FSKPart3: It's the ""Frank is Awesome"" handshake and it was Jeremy's idea - he's such a great friend.  https://t.co/JNRNZVQa1f"
"RT @EastCoastJimi: FYI #Halifax, @WingnItColeHr is awesome. Such a great #cause too. @adsumforwomen  https://t.co/TQUClrv3ub"
@sWooZ1e brruuuhhhh this is still awesome https://t.co/TbwLgRxR6h
Okay- now this is getting REALLY awesome @justinbieber holding @michaelbuble holding @rodstewart holding me. OMG https://t.co/7Pi4zvA3rJ
This is awesome news! Is Amanda the first female MLB scout? @susanslusser  https://t.co/uUWvCKCoLo
"RT @joyceapp101: Watch THIS #NewGadgets #awesome #best #ClothingIndustry This Is So‚Ä¶ https://t.co/VHsAvJtK4k Please Retweet It,TQ https://t‚Ä¶"
"RT @ChoiRudiho: Your smile is awesome, I just feel better when I see you smiling ‚ù§!! https://t.co/wVbDPafEXw"
RT @ISapnaMishra: The last one is awesome!!! ROLF https://t.co/KkLXgOyK5I
Young Tranny Gets Rimmed and Fucked By Her Bestfriend: This awesome pair is in for a hot and wild sex. Watch t... https://t.co/1cyueAe5HX
Our God is the Awesome God https://t.co/aXP4pTgkIB https://t.co/tgIsPIrqfd
"RT @THR: Daily News Runs ""Everything Is Awesome"" Cover After Blowback From Controversial Front Pages https://t.co/p38DZqI5mB https://t.co/M‚Ä¶"
Our God is the Awesome God https://t.co/XbvSYaLwf8 https://t.co/uaoCSWdTxL
Our God is the Awesome God https://t.co/2NBEol2IPE https://t.co/trWoosmNzE
Happy birthday little brother @tvana22 hope your night is as awesome as this one was üòè #partylikeweare17again https://t.co/0bFfTz1adI
Our God is the Awesome God https://t.co/jfH4fL8a8w https://t.co/Xv9e8Kj5Of
"RT @ericbolling: Very proud to announce Twitter just named #WakeUpAmerica a ""2015 Top Trend"" in politics. That is profoundly awesome! https‚Ä¶"
Ben is so awesome!!! https://t.co/Oqgvs4CEbt
The #GuyHarvey Wahoo Long Slv Tee is Awesome. Score your skinnie at https://t.co/0Jd5Dvvowb - RT for Rocket Fish https://t.co/AVnvWb1USd
Our God is the Awesome God https://t.co/D6Dw8MxPEr https://t.co/U0oFanoezR
RT @PlayClassics: This is awesome. #retrogaming  https://t.co/xAZIwhPaPp
Our God is the Awesome God https://t.co/uEI2k4Lxi7 https://t.co/SuVQx2iJZS
"RT @joyceapp101: Watch THIS #NewGadgets #awesome #best #ClothingIndustry This Is So‚Ä¶ https://t.co/VHsAvJtK4k Please Retweet It,TQ https://t‚Ä¶"
Our God is the Awesome God https://t.co/f4KCk5nYAa https://t.co/ssvheSRIZg
RT @StarGazerPH0T0S: Space is awesome. üëå https://t.co/I9J9sO8Vgc
Our God is the Awesome God https://t.co/hb5PoCZGJ5 https://t.co/n3i81I3GpN
Congrats... this is my HS Gymnastics Coach's son!  :) Awesome job. https://t.co/jFasBUEEAC
Our God is the Awesome God https://t.co/JO7ZvuF7IM https://t.co/1WRLAP0g7N
My house is pretty awesome looking right now!!! https://t.co/rIplM5zhQK
The story on how we met is pretty awesome lolüòÇ https://t.co/migfafSMpZ
@vipbaby98 lmao this is awesome https://t.co/ww69QCNK99
That was way too close!!!  Dan is AWESOME!!! https://t.co/f9P90g0N2V
Our God is the Awesome God https://t.co/3qzGhDQovN https://t.co/b0UIqu7uIV
Our God is the Awesome God https://t.co/vUtbzNYMl2 https://t.co/5B9Cnop7UN
"RT @joyceapp101: Watch THIS #NewGadgets #awesome #best #ClothingIndustry This Is So‚Ä¶ https://t.co/VHsAvJtK4k Please Retweet It,TQ https://t‚Ä¶"
Our God is the Awesome God https://t.co/WGMi5JZkzu https://t.co/M5VxnQbKdg
RT @denglennon: @212270Haruto @002200202 @almalah1411 that is awesome. Thanks. Makes me smile  love cute pics https://t.co/8rACAMgOX7
Our God is the Awesome God https://t.co/Vmn93esuMH https://t.co/2YgAQcQj1J
"The movie is here: https://t.co/B4wYmslsIF
Big titted girlie Brooklyn Chase is beading her awesome shaved pussy on‚Ä¶ https://t.co/BEMFJnzrZk"
"RT @joyceapp101: Watch THIS #NewGadgets #awesome #best #ClothingIndustry This Is So‚Ä¶ https://t.co/VHsAvJtK4k Please Retweet It,TQ https://t‚Ä¶"
Our God is the Awesome God https://t.co/JlAKZRMTqa https://t.co/mAYL7XjRyA
Our God is the Awesome God https://t.co/b3sbDG667M https://t.co/7UXDF60558
RT @lecoolestgirl: captain awesome is rly cute ugh @RyanMcPartlin #sarahwatcheschuck http://t.co/732RqzjStc
Our God is the Awesome God https://t.co/hhj0gjiJce https://t.co/QQIo2cBDue
Make sure you don't miss this awesome giveaway Parking Pal is part of!!!  https://t.co/zqSz84kQX1
RT @beany90: AWEEEE I SHOULDN'T BE LAUGHING. WHY IS THIS SO FUNNY? HAHHAHAHHA! BETH YOU'RE AWESOME. HHAHAHAHHAHAHAHHAH https://t.co/Yq2OTUc‚Ä¶
Our God is the Awesome God https://t.co/kKJbcNS1SN https://t.co/VGowFIZfUR
This is pretty awesome! What a great idea!  https://t.co/ZUZs4redFE
Our God is the Awesome God https://t.co/9JXxoDNOPm https://t.co/r5QW8DgNr2
"RT @ericbolling: Very proud to announce Twitter just named #WakeUpAmerica a ""2015 Top Trend"" in politics. That is profoundly awesome! https‚Ä¶"
RT @ESPNKenD: This is why @BillSimmons is just plain awesome. https://t.co/E9EPjgw6YK
"RT @joyceapp101: Watch THIS #NewGadgets #awesome #best #ClothingIndustry This Is So‚Ä¶ https://t.co/VHsAvJtK4k Please Retweet It,TQ https://t‚Ä¶"
RT @elgatogaming: Game Capture 3.0 is here! Read about the awesome new features and download it for yourself. https://t.co/E9ChOlxJey https‚Ä¶
RT @beany90: AWEEEE I SHOULDN'T BE LAUGHING. WHY IS THIS SO FUNNY? HAHHAHAHHA! BETH YOU'RE AWESOME. HHAHAHAHHAHAHAHHAH https://t.co/Yq2OTUc‚Ä¶
RT @ELLEmagazine: This is so awesome: you can now buy an @avaetc Barbie doll. https://t.co/WtOdcfvp1s https://t.co/8tPtEBw5bp
Audrina Patridge: @tempokitchen is my new favorite restaurant in OC!!‚Ä¶ Had the best chicken‚Ä¶ https://t.co/Rti8x4yesv https://t.co/t5KiOSCCAq
This picture is awesome üòÇüòÇüòÇ https://t.co/CGInR9MwZB
Comic Book Chronicles Ep 147: Robins‚Äô War While The Hulk Is Totally¬†Awesome https://t.co/aX50zpMpqX https://t.co/6nknF2HK02
Progress is awesome.  https://t.co/4NNkWYti4c
"RT @Saeonews: Awesome video of changing South African landscape Wednesday 9:00 in ""Change is in the Air"" session #SFSA2015 https://t.co/Fnv‚Ä¶"
"Your smile is awesome, I just feel better when I see you smiling ‚ù§!! https://t.co/wVbDPafEXw"
"This is pretty awesome, thanks man! It will be interesting to see them in practice though to figure out swing mods https://t.co/OiuadTQPfq"
RT @BehindScenesPic: This is awesome http://t.co/thNl88KFd4
"RT @joyceapp101: Watch THIS #NewGadgets #awesome #best #ClothingIndustry This Is So‚Ä¶ https://t.co/VHsAvJtK4k Please Retweet It,TQ https://t‚Ä¶"
New Bieber is awesome https://t.co/puLhoXpaSM
"RT @XspectasyOne: ""Play Hard, Love Easy""
#music is #life
My #steampunk #acousticguitar 
#love is #awesome 
UR #goodvibes R #amazing 2C http‚Ä¶"
"RT @carrieunderwood: Well, this is pretty cool! Thanks, to all who helped make it!!!! You guys are awesome! https://t.co/vdTuM8g4Uz"
This is awesome for so many reasons. I also live across from the thrifty's.  https://t.co/ggKsiVcL7I
"RT @carrieunderwood: Well, this is pretty cool! Thanks, to all who helped make it!!!! You guys are awesome! https://t.co/vdTuM8g4Uz"
"RT @joyceapp101: Watch THIS #NewGadgets #awesome #best #ClothingIndustry This Is So‚Ä¶ https://t.co/VHsAvJtK4k Please Retweet It,TQ https://t‚Ä¶"
AWEEEE I SHOULDN'T BE LAUGHING. WHY IS THIS SO FUNNY? HAHHAHAHHA! BETH YOU'RE AWESOME. HHAHAHAHHAHAHAHHAH https://t.co/Yq2OTUcSYg
RT @Softykjr: If you haven't checked out the Opponent Audio Recap yet... it is awesome https://t.co/z4jGWUxlpO https://t.co/Kcz4Q6J2yT
RT @Jae_Day6: I believe this is the equivalent of a Nobel Prize in the Kpop world. I would like to thank myself for being awesome. https://‚Ä¶
"RT @joyceapp101: Watch THIS #NewGadgets #awesome #best #ClothingIndustry This Is So‚Ä¶ https://t.co/VHsAvJtK4k Please Retweet It,TQ https://t‚Ä¶"
RT @OverLordSmoak: This is an awesome shotüòçüòç why is Oliver there though ü§îü§î https://t.co/Uso5azLqyi
"RT @joyceapp101: Watch THIS #NewGadgets #awesome #best #ClothingIndustry This Is So‚Ä¶ https://t.co/VHsAvJtK4k Please Retweet It,TQ https://t‚Ä¶"
"This is why i love #Singapore
Thank you @ChangiAirport for this awesome surprise.üëèüèΩüëèüèΩ https://t.co/WovRZeORKq"
"RT @joyceapp101: Watch THIS #NewGadgets #awesome #best #ClothingIndustry This Is So‚Ä¶ https://t.co/VHsAvJtK4k Please Retweet It,TQ https://t‚Ä¶"
RT @lastillusion: Happy birthday Megan!!! Hope you're birthday is awesome and great as youüí©üíñ https://t.co/gYCMdzoCG8
This is one amazing way of using paper to express yourself and ideas. https://t.co/T4kRXAk5Ef https://t.co/zfyiOJRGqu
RT @drunk: this is awesome https://t.co/atTRn1aSmm
"RT @joyceapp101: Watch THIS #NewGadgets #awesome #best #ClothingIndustry This Is So‚Ä¶ https://t.co/VHsAvJtK4k Please Retweet It,TQ https://t‚Ä¶"
"Good morning from our Lemurs!

#retweet if you think the weather is so awesome as I do! https://t.co/PXVCecHGLC"
RT @Shanalee1982: This is awesome! https://t.co/mwZr421XOi
RT @arosende: 1000000000000000000! The cast is such an amazingly talented awesome group of people! @ABCFamily #ShadowhuntersChat  https://t‚Ä¶
RT @SouthHillsASB: Next Week is a Spirit Week!  Take a look at the AWESOME days!  Amp up your HOLIDAY spirit! https://t.co/sykA4GOAw2
"RT @THR: Daily News Runs ""Everything Is Awesome"" Cover After Blowback From Controversial Front Pages https://t.co/p38DZqI5mB https://t.co/M‚Ä¶"
RT @epicwojo: This is awesomeüëáüèªüëáüèªüëáüèª https://t.co/UmZJ6FoSE2
Awesome narrated rock show telling story of #ACDC lead singer #BonScott is coming to #Knox! https://t.co/oupldgYQH8 https://t.co/qtbpjVwNpn
RT @regularbarnett: This photo of KG dunking on Blake Griffin is pretty awesome. https://t.co/aVcNkG5La1
Here is my guide to #painting awesome #StillLife Paintings quickly and accurately! https://t.co/1k7HhDWUFo https://t.co/um6728OfYU
RT @LifeHacks: This is awesome https://t.co/lXxdIrfqqr
RT @drunk: this is awesome https://t.co/atTRn1aSmm
"RT @joyceapp101: Watch THIS #NewGadgets #awesome #best #ClothingIndustry This Is So‚Ä¶ https://t.co/VHsAvJtK4k Please Retweet It,TQ https://t‚Ä¶"
RT @regularbarnett: This photo of KG dunking on Blake Griffin is pretty awesome. https://t.co/aVcNkG5La1
RT @SeattleSnob: This is awesome! https://t.co/tkgqFhl1Qq
This is so awesome! Little cousin writing the top 25 college football teams on the shower wall! #welldone https://t.co/JhjoAExla3
"RT @carrieunderwood: Well, this is pretty cool! Thanks, to all who helped make it!!!! You guys are awesome! https://t.co/vdTuM8g4Uz"
This is awesome: Stephen Curry Is The Revolution https://t.co/C3cEo50OXh
Gray Chapter is an awesome √°lbum!! Deserve it ü§òüèª https://t.co/4C4FBgILK0
RT @StarGazerPH0T0S: Space is awesome. üëå https://t.co/I9J9sO8Vgc
RT @Jae_Day6: I believe this is the equivalent of a Nobel Prize in the Kpop world. I would like to thank myself for being awesome. https://‚Ä¶
RT @timthetatman: This is fricken awesome @Synsinsyn https://t.co/vGJdUJn4GO
"RT @foxygirl131: rt if you think this is awesome.
fav if you think this is fucked up. https://t.co/ZPq574xwoG"
RT @RandallSampson: A2: #mathmindset by .@TenMarks is an awesome tool districts use! #nyedchat https://t.co/jWz7K9V3wn
RT @regularbarnett: This photo of KG dunking on Blake Griffin is pretty awesome. https://t.co/aVcNkG5La1
This is awesome. I'm so happy that the furry community got a good review once again  https://t.co/7QY0kpmaP8
RT @Softykjr: If you haven't checked out the Opponent Audio Recap yet... it is awesome https://t.co/z4jGWUxlpO https://t.co/Kcz4Q6J2yT
these are awesome...I watch concerts all the tim eon here...because it is FREEEEEE!  @tawneemiller28  https://t.co/79uZJ6TATk
"RT @joyceapp101: Watch THIS #NewGadgets #awesome #best #ClothingIndustry This Is So‚Ä¶ https://t.co/VHsAvJtK4k Please Retweet It,TQ https://t‚Ä¶"
This is awesomeüëáüèªüëáüèªüëáüèª https://t.co/UmZJ6FoSE2
RT @Jae_Day6: I believe this is the equivalent of a Nobel Prize in the Kpop world. I would like to thank myself for being awesome. https://‚Ä¶
"RT @joyceapp101: Watch THIS #NewGadgets #awesome #best #ClothingIndustry This Is So‚Ä¶ https://t.co/VHsAvJtK4k Please Retweet It,TQ https://t‚Ä¶"
RT @EarnKnowledge: This is awesome! https://t.co/5kyZcpZT3R
RT @StarGazerPH0T0S: Space is awesome. üëå https://t.co/I9J9sO8Vgc
RT @PlayClassics: This is awesome. #retrogaming  https://t.co/xAZIwhPaPp
"RT @joyceapp101: Watch THIS #NewGadgets #awesome #best #ClothingIndustry This Is So‚Ä¶ https://t.co/VHsAvJtK4k Please Retweet It,TQ https://t‚Ä¶"
RT @LifeHacks: This is awesome https://t.co/lXxdIrfqqr
RT @PlayClassics: This is awesome. #retrogaming  https://t.co/xAZIwhPaPp
Hammer and Chisel is awesome I'm loving it. #hammerandchisel https://t.co/m6PNAmy1X3
"RT @ericbolling: Very proud to announce Twitter just named #WakeUpAmerica a ""2015 Top Trend"" in politics. That is profoundly awesome! https‚Ä¶"
This is awesome  https://t.co/2MiZlYMpsv
RT @_MilitaryStrong: This is awesome üôåüá∫üá∏ https://t.co/ND8G4Xw8XC
RT @denglennon: @212270Haruto @002200202 @almalah1411 that is awesome. Thanks. Makes me smile  love cute pics https://t.co/8rACAMgOX7
"RT @nxnalxnn: i texted you but happy birthday Con thanks for being an awesome friend, i hope your day is amazing!! @connersm1511 https://t.‚Ä¶"
Happy birthday Megan!!! Hope you're birthday is awesome and great as youüí©üíñ https://t.co/gYCMdzoCG8
Me and BuckTrent!! He is an awesome Banjo player. https://t.co/phJcasRpF4
This is awesome üòÇ https://t.co/OjCFHbNfnE
I have heard this score is awesome. https://t.co/Bp8usIz13P
RT @ltsGREYSquotes: this is awesome üòç https://t.co/g5DNrO3mOy
ProsperGarden: This is an awesome way to create  Check this video https://t.co/fNVKm5PHnR
RT @regularbarnett: This photo of KG dunking on Blake Griffin is pretty awesome. https://t.co/aVcNkG5La1
RT @ISapnaMishra: The last one is awesome!!! ROLF https://t.co/KkLXgOyK5I
RT @brookevaloret: YL is so much fun with these awesome ladies‚ù§Ô∏è‚ò∫Ô∏è https://t.co/hGHGrR7IZ1
My Twitter feed is full of awesome and I love it
Lizz is awesome!!! https://t.co/n0hnTWNA1d
RT @regularbarnett: This photo of KG dunking on Blake Griffin is pretty awesome. https://t.co/aVcNkG5La1
#YogaInspiration : üíìPhalakasana üíìForearm plank üíìIs great for preparing your body for awesome arm balances and inver‚Ä¶ https://t.co/Pgn36azfPP
@bungie just finished my sparrow......took awhile but this thing is AWESOME!!! https://t.co/WfIFTSRwtV
This is awesome and nobody can tell me otherwise https://t.co/Xe5PIBfsFM
RT @Jae_Day6: I believe this is the equivalent of a Nobel Prize in the Kpop world. I would like to thank myself for being awesome. https://‚Ä¶
RT @BFlyHSam: #BLOODFORMERCY This album is freakin awesome by @YELLOWCLAW #WildMustang one of my favs ft @iambeckyg https://t.co/bpI7vwYhLS
RT @regularbarnett: This photo of KG dunking on Blake Griffin is pretty awesome. https://t.co/aVcNkG5La1
RT @regularbarnett: This photo of KG dunking on Blake Griffin is pretty awesome. https://t.co/aVcNkG5La1
RT @LifeHacks: This is awesome https://t.co/lXxdIrfqqr
"RT @carrieunderwood: Well, this is pretty cool! Thanks, to all who helped make it!!!! You guys are awesome! https://t.co/vdTuM8g4Uz"
RT @Jae_Day6: I believe this is the equivalent of a Nobel Prize in the Kpop world. I would like to thank myself for being awesome. https://‚Ä¶
RT @shaneeoo: Happy birthday bunny @MeganPfefferr üê∞ hope today is as awesome as you are! https://t.co/xOhi1vFNcJ
is an awesome streamer! Pls support him with your follows!  https://t.co/LGPgstkCFw
RT @Jae_Day6: I believe this is the equivalent of a Nobel Prize in the Kpop world. I would like to thank myself for being awesome. https://‚Ä¶
"RT @joyceapp101: Watch THIS #NewGadgets #awesome #best #ClothingIndustry This Is So‚Ä¶ https://t.co/VHsAvJtK4k Please Retweet It,TQ https://t‚Ä¶"
is an awesome streamer! Pls support him with your follows!  https://t.co/8UwDAUnFw4
"@twitter  Is Awesome?
@twitter  Great?
@twitter  Is ...... Etc? My Answer Twitter Is Life Partner in the World.üòáüòáüòá"
RT @ISapnaMishra: The last one is awesome!!! ROLF https://t.co/KkLXgOyK5I
I've heard this is awesome. Still haven't tried it. https://t.co/fXlGE8cvSw
"gets on twitter and LG2 is blowing up the place with awesome fan pics! It's sweet, you always look so happy @gilliardl_jr"
"i texted you but happy birthday Con thanks for being an awesome friend, i hope your day is amazing!! @connersm1511 https://t.co/sMQpvLftlH"
RT @Jae_Day6: I believe this is the equivalent of a Nobel Prize in the Kpop world. I would like to thank myself for being awesome. https://‚Ä¶
RT @PlayClassics: This is awesome. #retrogaming  https://t.co/xAZIwhPaPp
"RT @M101_Mutant101: ""That...Was...Awesome!"" #Deadpool ""Who the hell is that?"" #superman 
https://t.co/m2sUccypI2 #BatmanvSuperman https://t‚Ä¶"
RT @regularbarnett: This photo of KG dunking on Blake Griffin is pretty awesome. https://t.co/aVcNkG5La1
"RT @joyceapp101: Watch THIS #NewGadgets #awesome #best #ClothingIndustry This Is So‚Ä¶ https://t.co/VHsAvJtK4k Please Retweet It,TQ https://t‚Ä¶"
RT @regularbarnett: This photo of KG dunking on Blake Griffin is pretty awesome. https://t.co/aVcNkG5La1
Well this just happened this is awesome rn omg he followed me üòÉ thank you @DonladGloverüôèüôè https://t.co/UbM5hGxa9I
This is awesome! A moment of pride for everyone at @spmpdpu üôå https://t.co/dscV3KexJZ
RT @goldjoints: This is fucking awesome https://t.co/LKBQtw2fGR
RT @regularbarnett: This photo of KG dunking on Blake Griffin is pretty awesome. https://t.co/aVcNkG5La1
"TBH @mradamscott is the only reason I saw #Krampus üòç
It was awesome! I just love him üòä
#instantclassic #mcm https://t.co/dQujsb7cGu"
RT @regularbarnett: This photo of KG dunking on Blake Griffin is pretty awesome. https://t.co/aVcNkG5La1
RT @regularbarnett: This photo of KG dunking on Blake Griffin is pretty awesome. https://t.co/aVcNkG5La1
RT @TheJerryCabrera: If you guys also think this is an awesome pic too please help me out and #retweet #model #fitness #rate #hottie !!&lt;3 h‚Ä¶
This shit is awesome.  https://t.co/lwYE9lprA3
@LibrariansTNT love this show!!! #TheLibrarians is the best! ##LibrariansS2 is awesome!!! #ChristianKane #Kaniacs... https://t.co/IHfYfeXG9v
RT @regularbarnett: This photo of KG dunking on Blake Griffin is pretty awesome. https://t.co/aVcNkG5La1
RT @regularbarnett: This photo of KG dunking on Blake Griffin is pretty awesome. https://t.co/aVcNkG5La1
RT @jujubee453: This is AWESOME #Cleveland. I ‚ù§Ô∏è random acts of kindness &amp; it's starting to get cold out there. Let's keep it going! https:‚Ä¶
RT @Jae_Day6: I believe this is the equivalent of a Nobel Prize in the Kpop world. I would like to thank myself for being awesome. https://‚Ä¶
RT @regularbarnett: This photo of KG dunking on Blake Griffin is pretty awesome. https://t.co/aVcNkG5La1
RT @regularbarnett: This photo of KG dunking on Blake Griffin is pretty awesome. https://t.co/aVcNkG5La1
Awesome # wazzup people? # Grate cartoon ever! ?üòé which one is the bestüíªüì∫!! https://t.co/Dea50mVaRW
This is AWESOME #Cleveland. I ‚ù§Ô∏è random acts of kindness &amp; it's starting to get cold out there. Let's keep it going! https://t.co/Wh9GEHDNvu
He kills me with how awesome he is https://t.co/lzatfXoAsu
This is freaky|awesome @CarmellaWWE ! üòÇ #HowYouDoin #baymella @itsBayleyWWE https://t.co/0AEuccAbsR
RT @Jae_Day6: I believe this is the equivalent of a Nobel Prize in the Kpop world. I would like to thank myself for being awesome. https://‚Ä¶
"RT @SeishunRC: Sensei can do it, Saitama‚Äôs the strongest! Genos‚Äô the only one who knows how awesome sensei really is...#onepunchman https:/‚Ä¶"
"RT @joyceapp101: Watch THIS #NewGadgets #awesome #best #ClothingIndustry This Is So‚Ä¶ https://t.co/VHsAvJtK4k Please Retweet It,TQ https://t‚Ä¶"
This is awesome https://t.co/kpIukf1pbT
Dat is awesome! https://t.co/L2HMjAAMLe
This is awesome! #CaymolStrong üíú https://t.co/rUFs9s7SML
This is awesome!!! https://t.co/QZObVXWJyN
"This is adorably awesome.

Reminds me Tom Haverford foods: https://t.co/PDadfTVyGD https://t.co/J7O6j3rSOU"
THIS. IS. AWESOME. https://t.co/uGZINed9r8
"RT @ashleytcom: These awesome girl @KeshaRose deserves freedom! Singers need to express yourself. It's not just business, it is ART! https:‚Ä¶"
RT @denglennon: @212270Haruto @002200202 @almalah1411 that is awesome. Thanks. Makes me smile  love cute pics https://t.co/8rACAMgOX7
That is so awesome! https://t.co/cBRuDJGAGw
"HAPPY BIRTHDAY SYD! I hope your day is awesome because I'll be there üòä luv u so much, and you gotta love the pics aüíõ https://t.co/stNsGitMvj"
RT @Mass4Cruz: MA #cruzcrew how fast can we build fleet of these? Drive pike end to end. @AnnStokes55 #NCcruzcrew is awesome. https://t.co/‚Ä¶
Happy birthday bunny @MeganPfefferr üê∞ hope today is as awesome as you are! https://t.co/xOhi1vFNcJ
RT @Softykjr: If you haven't checked out the Opponent Audio Recap yet... it is awesome https://t.co/z4jGWUxlpO https://t.co/Kcz4Q6J2yT
RT @PlayClassics: This is awesome. #retrogaming  https://t.co/xAZIwhPaPp
AAHHAHAHHAHHAH this is awesome  https://t.co/2oBXsd59Hn
RT @PlayClassics: This is awesome. #retrogaming  https://t.co/xAZIwhPaPp
":( :( Who thinks I'm an awesome friend, or if not, should it be: Is It Goodbye, by me deactivating my twitter account :( :("
RT @shyangel6o3: @RCRracing museum is awesome! Such history! http://t.co/j4g5GSobgQ
"@The Writing _Reader. TY, it is awesome.  https://t.co/0xbkRCz7iO"
RT @garykooper43: And I hope all is well with you üíï you're more awesome than I  https://t.co/QNYlHoK61m
RT @StarGazerPH0T0S: Space is awesome. üëå https://t.co/I9J9sO8Vgc
"RT @ksmithy44: Happy Birthday Viv!! I miss you, hope this year is awesome and kick ass in lacrosse this yearüéâ https://t.co/u7c0Bff4lT"
RT @Softykjr: If you haven't checked out the Opponent Audio Recap yet... it is awesome https://t.co/z4jGWUxlpO https://t.co/Kcz4Q6J2yT
"RT @CurlyProbs: ""omg can I have ur hair??"" 
""curly hair is awesome!!""
""I wish I had ur hair""
""why don't u brush ur hair?"" https://t.co/BrcU‚Ä¶"
RT @ReinaaRoyale: The new #DoctorWho collection @ HotTopic is size-inclusive &amp; it's awesome https://t.co/eySWPRfPB0 via noraiswrite https:/‚Ä¶
RT @BuzzFeedEnt: The new #DoctorWho collection @ @HotTopic is size-inclusive &amp; it's awesome https://t.co/SQzhVbxIOl via @noraiswrite https:‚Ä¶
"RT @Tedashii: This new ""Be Me"" dance video is awesome! Watch it here - https://t.co/ByaaKtSwB8 https://t.co/SVI5MHsHHe"
Space is awesome. üëå https://t.co/I9J9sO8Vgc
"RT @joyceapp101: Watch THIS #NewGadgets #awesome #best #ClothingIndustry This Is So‚Ä¶ https://t.co/VHsAvJtK4k Please Retweet It,TQ https://t‚Ä¶"
RT @iLikeVinesDaily: Who is this tho üòçüòç https://t.co/WGoGVfJC9r
"RT @joyceapp101: Watch THIS #NewGadgets #awesome #best #ClothingIndustry This Is So‚Ä¶ https://t.co/VHsAvJtK4k Please Retweet It,TQ https://t‚Ä¶"
This is pretty awesome: https://t.co/aTa8uXY69h
"RT @joyceapp101: Watch THIS #NewGadgets #awesome #best #ClothingIndustry This Is So‚Ä¶ https://t.co/VHsAvJtK4k Please Retweet It,TQ https://t‚Ä¶"
RT @__lhuinker1__: This is awesomeüòÇüòÇüòÇ https://t.co/0VBqMAJo7H
They were awesome for a crew that has no idea what DPI or OPI is.  https://t.co/pYkebArPLP
This is awesome! https://t.co/2zzlM6HsOp
RT @NoellaNix: Check out @WotAustin's @Spotify Playlist! My music is featured along side lots of other awesome artists!  üíô üî• https://t.co/q‚Ä¶
@supertits555  wow!!! That is awesome!! #iwantit2 https://t.co/iDBtAoRbKX
"Had to order more @HamiltonMusical cards which is CRAZY AWESOME. If you want one, hit me up before all they're gone! https://t.co/x49YEkA1ma"
This is awesome! https://t.co/mwZr421XOi
Twitter is awesome. So many people on here that are 10x more knowledgeable than the guys getting paid millions. I love it.
Check out @WotAustin's @Spotify Playlist! My music is featured along side lots of other awesome artists!  üíô üî• https://t.co/qLjmdomjzv
RT @__lhuinker1__: This is awesomeüòÇüòÇüòÇ https://t.co/0VBqMAJo7H
"RT @pstokesbooks: AWESOME SPY-GIRL DEAL! @TAMaclagan's debut is just $1.99 + $15 Amz gift card up for grabs!
https://t.co/UMRPbs1Y6s https:‚Ä¶"
"RT @SeishunRC: Sensei can do it, Saitama‚Äôs the strongest! Genos‚Äô the only one who knows how awesome sensei really is...#onepunchman https:/‚Ä¶"
IPSD Robotics is an awesome experience for kids! #ipsd204electives https://t.co/GYiZdvAAbl
This is so awesome!  https://t.co/YVjV9eOFcB
"RT @lauramarano: The new #AustinAndAlly #SantasAndSurprises is tonight with some AWESOME guest stars, like @MimiKirkland &amp; @JimOHeir https:‚Ä¶"
RT @Mass4Cruz: MA #cruzcrew how fast can we build fleet of these? Drive pike end to end. @AnnStokes55 #NCcruzcrew is awesome. https://t.co/‚Ä¶
RT @EarnKnowledge: This is awesome. https://t.co/hAzNNHoCjL
This is awesome  https://t.co/elzNvkyDFq
"RT @joyceapp101: Watch THIS #NewGadgets #awesome #best #ClothingIndustry This Is So‚Ä¶ https://t.co/VHsAvJtK4k Please Retweet It,TQ https://t‚Ä¶"
"RT @joyceapp101: Watch THIS #NewGadgets #awesome #best #ClothingIndustry This Is So‚Ä¶ https://t.co/VHsAvJtK4k Please Retweet It,TQ https://t‚Ä¶"
RT @EmrgencyKittens: This human is AWESOME https://t.co/EZxEkhBrqI
"RT @joyceapp101: Watch THIS #NewGadgets #awesome #best #ClothingIndustry This Is So‚Ä¶ https://t.co/VHsAvJtK4k Please Retweet It,TQ https://t‚Ä¶"
And I hope all is well with you üíï you're more awesome than I  https://t.co/QNYlHoK61m
BEEN WAITING ALL WEEK FOR THIS!!! love you guys so much and this video is awesome. much love from Australia XXOOOOOO https://t.co/ySQiu5pGzy
RT @PlayClassics: This is awesome. #retrogaming  https://t.co/xAZIwhPaPp
"RT @VisitLB: Thank you #Mayor @RobertGarciaLB+@MattyMendez, awesome job!#LongBeach's üéÑis beautiful! #BeachwithBenefits #HolidayLB https://t‚Ä¶"
@Thesillyzorua Christmas is around the corner and this awesome guy made something cool! I decided to put it as my new twitter profile pic!
RT @SavageInTheCity: This is going to be awesome!!! https://t.co/beCewaZT19
RT @cla_barreiro: This is awesome üòºüòº https://t.co/8rQYJHAnsX
"RT @SallyMacFox26: There's a talking zebra named Candy at @houstonzoo lights, and she is awesome. @Fox26Houston https://t.co/nrv1dRJZbw"
"RT @jaegersports: This...is....Awesome!!! Deals to be had #Palooza
#Skittles 
#VeloLab  https://t.co/XbkeonU4o6"
"Nej is so awesome! Gotta love her! Or hate her, its usually either or! üòáüòàüíûüëç https://t.co/hMSPf63iZ5"
"This New ""Doctor Who"" Clothing Line Is Size-Inclusive And Awesome https://t.co/m7NHUPjkNn https://t.co/TnmcslwSyX"
This is awesome üòºüòº https://t.co/8rQYJHAnsX
"When your group is too big for the backdrop. üòÇ really awesome setup, they printed right af‚Ä¶ https://t.co/Qzicnq2kI7 https://t.co/GwOcaRAWMN"
"RT @JEvansJD: It's a testament to @fatbellybella's awesome spirit that #AskBadu is the first Twitter ""ask"" tag that wasn't filled with joke‚Ä¶"
I can't believe this. This show is gonna become even more awesome. https://t.co/BQb1WDMtqT
"RT @SallyMacFox26: There's a talking zebra named Candy at @houstonzoo lights, and she is awesome. @Fox26Houston https://t.co/nrv1dRJZbw"
"Thank you #Mayor @RobertGarciaLB+@MattyMendez, awesome job!#LongBeach's üéÑis beautiful! #BeachwithBenefits #HolidayLB https://t.co/3m6EIxJa7X"
"RT @joyceapp101: Watch THIS #NewGadgets #awesome #best #ClothingIndustry This Is So‚Ä¶ https://t.co/VHsAvJtK4k Please Retweet It,TQ https://t‚Ä¶"
RT @businessinsider: 'Everything is awesome!': Daily News issues sarcastic rebuttal to its gun-control critics https://t.co/OgrAlN4E5q http‚Ä¶
This is just awesome! https://t.co/UBXFaLydV0
"RT @joyceapp101: Watch THIS #NewGadgets #awesome #best #ClothingIndustry This Is So‚Ä¶ https://t.co/VHsAvJtK4k Please Retweet It,TQ https://t‚Ä¶"
"RT @MiaSolLynette: Done, more than 1500 followers today!!! Guys you are awesome..
Here is a little ,,selfie,, for you as a thank you https:‚Ä¶"
"RT @carrieunderwood: Well, this is pretty cool! Thanks, to all who helped make it!!!! You guys are awesome! https://t.co/vdTuM8g4Uz"
RT @TheFunnyWorId: This is awesome. http://t.co/mC3Yg7qJLj
@212270Haruto @002200202 @almalah1411 that is awesome. Thanks. Makes me smile  love cute pics https://t.co/8rACAMgOX7
Our #RailwayMinister @sureshpprabhu ji is doing awesome work for @RailMinIndia https://t.co/sIIfmKcpgw
The plot is awesome~ https://t.co/1dhbb5Gbfq
I knew it!! The red eyes gave him away a little bit. This is awesome!  #Supergirl  https://t.co/cIA7UTfKy0
"""@tsminty: new set is out on UK-Tgirls of Think my butt looks awesome~Shot by @Ineedescort https://t.co/stpqM7zQhM ganas de tenerla as√≠ üòçüòçüòç"
"RT @JEvansJD: It's a testament to @fatbellybella's awesome spirit that #AskBadu is the first Twitter ""ask"" tag that wasn't filled with joke‚Ä¶"
"RT @SupraDist: New York and Philly. Ground level. This is  FIGHT/FUCK 2 from Fucking Awesome now playing
https://t.co/lRGVMTSBPx https://t.‚Ä¶"
This is awesome https://t.co/tcIeR4185f
"RT @SeishunRC: Sensei can do it, Saitama‚Äôs the strongest! Genos‚Äô the only one who knows how awesome sensei really is...#onepunchman https:/‚Ä¶"
"RT @joyceapp101: Watch THIS #NewGadgets #awesome #best #ClothingIndustry This Is So‚Ä¶ https://t.co/VHsAvJtK4k Please Retweet It,TQ https://t‚Ä¶"
"RT @FSKPart3: It's the ""Frank is Awesome"" handshake and it was Jeremy's idea - he's such a great friend.  https://t.co/JNRNZVQa1f"
"RT @joyceapp101: Watch THIS #NewGadgets #awesome #best #ClothingIndustry This Is So‚Ä¶ https://t.co/VHsAvJtK4k Please Retweet It,TQ https://t‚Ä¶"
This is really awesome! https://t.co/ULCLoTY32D
"RT @joyceapp101: Watch THIS #NewGadgets #awesome #best #ClothingIndustry This Is So‚Ä¶ https://t.co/VHsAvJtK4k Please Retweet It,TQ https://t‚Ä¶"
@renee_doty07 this is really awesome and pretty cool https://t.co/sjQkVnXsL6
"RT @MiaSolLynette: Done, more than 1500 followers today!!! Guys you are awesome..
Here is a little ,,selfie,, for you as a thank you https:‚Ä¶"
RT @DevinBook: You used to.. https://t.co/9yEgdfculT
This is awesome! #JV #Raptors  https://t.co/U3KgS8DqGu
RT @JonahGreen: anyone know who this is? https://t.co/EAoU6bS0kV
RT @SeattleSnob: This is awesome! https://t.co/tkgqFhl1Qq
